strategy,task,truth,seeded_fault,label,outcome,correct,recovered,confidence,n_agents,n_independent_pairs,n_evidence,n_needs,total_tokens,llm_calls,wall_clock_s
single_agent,cherry_picked_subgroup,supported,cherry_pick,INCONCLUSIVE,abstain,False,False,0.3,1,0,1,0,0,0,0.0078
single_agent,clean_refuted,refuted,,INCONCLUSIVE,abstain,False,False,0.3,1,0,1,0,0,0,0.0044
single_agent,clean_supported,supported,,SUPPORTED,correct,True,False,0.98,1,0,1,0,0,0,0.0059
single_agent,data_leakage,refuted,leakage,SUPPORTED,wrong,False,False,0.98,1,0,1,0,0,0,0.0057
single_agent,misleading_wrong_test,refuted,wrong_stat_test,SUPPORTED,wrong,False,False,0.98,1,0,1,0,0,0,0.007
single_agent,wrong_param_magnitude,refuted,wrong_param,SUPPORTED,wrong,False,False,0.98,1,0,1,0,0,0,0.0048
fixed_dag,cherry_picked_subgroup,supported,cherry_pick,INCONCLUSIVE,abstain,False,False,0.3,3,3,3,0,0,0,0.0084
fixed_dag,clean_refuted,refuted,,INCONCLUSIVE,abstain,False,False,0.3,3,3,3,0,0,0,0.01
fixed_dag,clean_supported,supported,,SUPPORTED,correct,True,False,0.594,3,3,3,0,0,0,0.0105
fixed_dag,data_leakage,refuted,leakage,SUPPORTED,wrong,False,False,0.594,3,3,3,0,0,0,0.0077
fixed_dag,misleading_wrong_test,refuted,wrong_stat_test,SUPPORTED,wrong,False,False,0.594,3,3,3,0,0,0,0.0118
fixed_dag,wrong_param_magnitude,refuted,wrong_param,SUPPORTED,wrong,False,False,0.594,3,3,3,0,0,0,0.0157
isolated_vote,cherry_picked_subgroup,supported,cherry_pick,SUPPORTED,correct,True,False,0.608,3,3,3,0,0,0,0.016
isolated_vote,clean_refuted,refuted,,REFUTED,correct,True,False,0.601,3,3,3,0,0,0,0.0243
isolated_vote,clean_supported,supported,,SUPPORTED,correct,True,False,0.98,3,3,3,0,0,0,0.021
isolated_vote,data_leakage,refuted,leakage,INCONCLUSIVE,abstain,False,False,0.475,3,3,3,0,0,0,0.0179
isolated_vote,misleading_wrong_test,refuted,wrong_stat_test,INCONCLUSIVE,abstain,False,False,0.475,3,3,3,0,0,0,0.0193
isolated_vote,wrong_param_magnitude,refuted,wrong_param,INCONCLUSIVE,abstain,False,False,0.475,3,3,3,0,0,0,0.0149
open_debate,cherry_picked_subgroup,supported,cherry_pick,SUPPORTED,correct,True,False,0.608,3,3,3,0,0,0,0.0117
open_debate,clean_refuted,refuted,,REFUTED,correct,True,False,0.601,3,3,3,0,0,0,0.0105
open_debate,clean_supported,supported,,SUPPORTED,correct,True,False,0.98,3,3,3,0,0,0,0.0107
open_debate,data_leakage,refuted,leakage,INCONCLUSIVE,abstain,False,False,0.475,3,3,3,0,0,0,0.0105
open_debate,misleading_wrong_test,refuted,wrong_stat_test,INCONCLUSIVE,abstain,False,False,0.475,3,3,3,0,0,0,0.0089
open_debate,wrong_param_magnitude,refuted,wrong_param,INCONCLUSIVE,abstain,False,False,0.475,3,3,3,0,0,0,0.0099
repl_claw,cherry_picked_subgroup,supported,cherry_pick,SUPPORTED,correct,True,False,0.54,4,6,4,4,0,0,0.0192
repl_claw,clean_refuted,refuted,,REFUTED,correct,True,False,0.534,4,6,4,4,0,0,0.0197
repl_claw,clean_supported,supported,,SUPPORTED,correct,True,False,0.98,3,3,3,0,0,0,0.0183
repl_claw,data_leakage,refuted,leakage,REFUTED,correct,True,True,0.256,4,6,4,4,0,0,0.0215
repl_claw,misleading_wrong_test,refuted,wrong_stat_test,REFUTED,correct,True,True,0.256,4,6,4,4,0,0,0.0217
repl_claw,wrong_param_magnitude,refuted,wrong_param,REFUTED,correct,True,True,0.256,4,6,4,4,0,0,0.0255
