arm,run,status,M1,M2,M3,M11,tokens,wall_s,envelope_sha256,flags
A1,A1/run-001,completed,1.0,1.0,0.5,0.0,21268,132.189231,fa6f4b413ab9b1f09e306de8c5b5a35c524587f82080d18eac441bedb831bc1c,
A1,A1/run-002,completed,1.0,1.0,0.5,0.0,24574,155.990938,fa6f4b413ab9b1f09e306de8c5b5a35c524587f82080d18eac441bedb831bc1c,
A1,A1/run-003,completed,1.0,1.0,0.5,0.0,16374,100.195275,fa6f4b413ab9b1f09e306de8c5b5a35c524587f82080d18eac441bedb831bc1c,
A1,A1/run-004,completed,1.0,1.0,0.5,0.0,16867,103.841482,fa6f4b413ab9b1f09e306de8c5b5a35c524587f82080d18eac441bedb831bc1c,
A1,A1/run-005,completed,1.0,1.0,0.5,0.0,13691,94.725429,fa6f4b413ab9b1f09e306de8c5b5a35c524587f82080d18eac441bedb831bc1c,
A1,A1/run-006,completed,1.0,1.0,0.5,0.0,18145,113.184238,fa6f4b413ab9b1f09e306de8c5b5a35c524587f82080d18eac441bedb831bc1c,
A1,A1/run-007,completed,1.0,1.0,0.5,0.0,16290,104.430162,fa6f4b413ab9b1f09e306de8c5b5a35c524587f82080d18eac441bedb831bc1c,
A1,A1/run-008,completed,1.0,1.0,0.5,0.0,18123,113.211444,fa6f4b413ab9b1f09e306de8c5b5a35c524587f82080d18eac441bedb831bc1c,
A1,A1/run-009,completed,1.0,1.0,0.5,0.0,12148,73.627271,fa6f4b413ab9b1f09e306de8c5b5a35c524587f82080d18eac441bedb831bc1c,
A1,A1/run-010,completed,1.0,1.0,0.5,0.0,18193,113.476638,fa6f4b413ab9b1f09e306de8c5b5a35c524587f82080d18eac441bedb831bc1c,
A1,A1/run-011,completed,1.0,1.0,0.5,0.0,17473,107.912473,fa6f4b413ab9b1f09e306de8c5b5a35c524587f82080d18eac441bedb831bc1c,
A1,A1/run-012,completed,1.0,1.0,0.5,0.0,16926,103.983769,fa6f4b413ab9b1f09e306de8c5b5a35c524587f82080d18eac441bedb831bc1c,
A1,A1/run-013,completed,1.0,1.0,0.5,0.0,19823,125.512153,fa6f4b413ab9b1f09e306de8c5b5a35c524587f82080d18eac441bedb831bc1c,
A1,A1/run-014,completed,1.0,1.0,0.5,0.0,16599,101.487209,fa6f4b413ab9b1f09e306de8c5b5a35c524587f82080d18eac441bedb831bc1c,
A1,A1/run-015,completed,1.0,1.0,0.5,0.0,12668,79.49611,fa6f4b413ab9b1f09e306de8c5b5a35c524587f82080d18eac441bedb831bc1c,
A1,A1/run-016,completed,1.0,1.0,0.5,0.0,18020,112.523515,fa6f4b413ab9b1f09e306de8c5b5a35c524587f82080d18eac441bedb831bc1c,
A1,A1/run-017,completed,1.0,1.0,0.5,0.0,19158,121.013704,fa6f4b413ab9b1f09e306de8c5b5a35c524587f82080d18eac441bedb831bc1c,
A1,A1/run-018,completed,1.0,1.0,0.5,0.0,18115,112.673763,fa6f4b413ab9b1f09e306de8c5b5a35c524587f82080d18eac441bedb831bc1c,
A1,A1/run-019,completed,1.0,1.0,0.5,0.0,16727,102.77576,fa6f4b413ab9b1f09e306de8c5b5a35c524587f82080d18eac441bedb831bc1c,
A1,A1/run-020,completed,1.0,1.0,0.5,0.0,18440,115.713498,fa6f4b413ab9b1f09e306de8c5b5a35c524587f82080d18eac441bedb831bc1c,
A3,A3/run-001,completed,1.0,1.0,0.5,0.0,13579,84.2582,fa6f4b413ab9b1f09e306de8c5b5a35c524587f82080d18eac441bedb831bc1c,
A3,A3/run-002,completed,1.0,1.0,0.5,0.0,20072,132.504789,fa6f4b413ab9b1f09e306de8c5b5a35c524587f82080d18eac441bedb831bc1c,
A3,A3/run-003,completed,1.0,1.0,0.5,0.0,13593,84.479919,fa6f4b413ab9b1f09e306de8c5b5a35c524587f82080d18eac441bedb831bc1c,
A3,A3/run-004,completed,1.0,1.0,0.5,0.0,16992,104.814514,fa6f4b413ab9b1f09e306de8c5b5a35c524587f82080d18eac441bedb831bc1c,
A3,A3/run-005,completed,1.0,1.0,0.5,0.0,13558,84.118326,fa6f4b413ab9b1f09e306de8c5b5a35c524587f82080d18eac441bedb831bc1c,
A3,A3/run-006,completed,1.0,1.0,0.5,0.0,17878,111.522399,fa6f4b413ab9b1f09e306de8c5b5a35c524587f82080d18eac441bedb831bc1c,
A3,A3/run-007,completed,1.0,1.0,0.5,0.0,16518,100.845938,fa6f4b413ab9b1f09e306de8c5b5a35c524587f82080d18eac441bedb831bc1c,
A3,A3/run-008,completed,1.0,1.0,0.5,0.0,16731,102.898177,fa6f4b413ab9b1f09e306de8c5b5a35c524587f82080d18eac441bedb831bc1c,
A3,A3/run-009,completed,1.0,1.0,0.5,0.0,14032,87.608538,fa6f4b413ab9b1f09e306de8c5b5a35c524587f82080d18eac441bedb831bc1c,
A3,A3/run-010,completed,1.0,1.0,0.5,0.0,13138,80.842251,fa6f4b413ab9b1f09e306de8c5b5a35c524587f82080d18eac441bedb831bc1c,
A3,A3/run-011,completed,1.0,1.0,0.5,0.0,10570,61.738067,fa6f4b413ab9b1f09e306de8c5b5a35c524587f82080d18eac441bedb831bc1c,
A3,A3/run-012,completed,1.0,1.0,0.5,0.0,12702,77.826349,fa6f4b413ab9b1f09e306de8c5b5a35c524587f82080d18eac441bedb831bc1c,
A3,A3/run-013,completed,1.0,1.0,0.5,0.0,11900,71.610923,fa6f4b413ab9b1f09e306de8c5b5a35c524587f82080d18eac441bedb831bc1c,
A3,A3/run-014,completed,1.0,1.0,0.5,0.0,16346,100.192731,fa6f4b413ab9b1f09e306de8c5b5a35c524587f82080d18eac441bedb831bc1c,
A3,A3/run-015,completed,1.0,1.0,0.5,0.0,15092,90.485139,fa6f4b413ab9b1f09e306de8c5b5a35c524587f82080d18eac441bedb831bc1c,
A3,A3/run-016,completed,1.0,1.0,0.5,0.0,11436,68.374445,fa6f4b413ab9b1f09e306de8c5b5a35c524587f82080d18eac441bedb831bc1c,
A3,A3/run-017,completed,1.0,1.0,0.5,0.0,15283,91.981093,fa6f4b413ab9b1f09e306de8c5b5a35c524587f82080d18eac441bedb831bc1c,
A3,A3/run-018,completed,1.0,1.0,0.5,0.0,14952,89.562359,fa6f4b413ab9b1f09e306de8c5b5a35c524587f82080d18eac441bedb831bc1c,
A3,A3/run-019,completed,1.0,1.0,0.5,0.0,10136,59.154297,fa6f4b413ab9b1f09e306de8c5b5a35c524587f82080d18eac441bedb831bc1c,
A3,A3/run-020,completed,1.0,1.0,0.5,0.0,11228,66.770362,fa6f4b413ab9b1f09e306de8c5b5a35c524587f82080d18eac441bedb831bc1c,
S0,S0/run-001,completed,0.0,,,,3356,19.200784,fa6f4b413ab9b1f09e306de8c5b5a35c524587f82080d18eac441bedb831bc1c,
S0,S0/run-002,completed,0.0,,,,3728,22.237105,fa6f4b413ab9b1f09e306de8c5b5a35c524587f82080d18eac441bedb831bc1c,
S0,S0/run-003,completed,0.0,,,,4293,27.316301,fa6f4b413ab9b1f09e306de8c5b5a35c524587f82080d18eac441bedb831bc1c,
S0,S0/run-004,completed,0.0,,,,4169,26.170564,fa6f4b413ab9b1f09e306de8c5b5a35c524587f82080d18eac441bedb831bc1c,
S0,S0/run-005,completed,0.0,,,,4609,29.8831,fa6f4b413ab9b1f09e306de8c5b5a35c524587f82080d18eac441bedb831bc1c,
S0,S0/run-006,completed,0.0,,,,7942,47.837567,fa6f4b413ab9b1f09e306de8c5b5a35c524587f82080d18eac441bedb831bc1c,
S0,S0/run-007,completed,0.0,,,,5024,31.119467,fa6f4b413ab9b1f09e306de8c5b5a35c524587f82080d18eac441bedb831bc1c,
S0,S0/run-008,completed,0.0,,,,3833,22.118315,fa6f4b413ab9b1f09e306de8c5b5a35c524587f82080d18eac441bedb831bc1c,
S0,S0/run-009,completed,0.0,,,,10026,69.449529,fa6f4b413ab9b1f09e306de8c5b5a35c524587f82080d18eac441bedb831bc1c,
S0,S0/run-010,completed,0.0,,,,7561,40.463809,fa6f4b413ab9b1f09e306de8c5b5a35c524587f82080d18eac441bedb831bc1c,
S0,S0/run-011,completed,0.0,,,,4204,23.504182,fa6f4b413ab9b1f09e306de8c5b5a35c524587f82080d18eac441bedb831bc1c,
S0,S0/run-012,completed,1.0,,,,9254,54.257563,fa6f4b413ab9b1f09e306de8c5b5a35c524587f82080d18eac441bedb831bc1c,
S0,S0/run-013,completed,1.0,,,,3057,17.94458,fa6f4b413ab9b1f09e306de8c5b5a35c524587f82080d18eac441bedb831bc1c,
S0,S0/run-014,completed,0.0,,,,3849,22.823665,fa6f4b413ab9b1f09e306de8c5b5a35c524587f82080d18eac441bedb831bc1c,
S0,S0/run-015,completed,0.0,,,,9474,54.798322,fa6f4b413ab9b1f09e306de8c5b5a35c524587f82080d18eac441bedb831bc1c,
S0,S0/run-016,completed,0.0,,,,7367,46.047461,fa6f4b413ab9b1f09e306de8c5b5a35c524587f82080d18eac441bedb831bc1c,
S0,S0/run-017,completed,0.0,,,,4030,27.034623,fa6f4b413ab9b1f09e306de8c5b5a35c524587f82080d18eac441bedb831bc1c,
S0,S0/run-018,completed,0.0,,,,8379,56.347324,fa6f4b413ab9b1f09e306de8c5b5a35c524587f82080d18eac441bedb831bc1c,
S0,S0/run-019,completed,0.0,,,,8711,58.270529,fa6f4b413ab9b1f09e306de8c5b5a35c524587f82080d18eac441bedb831bc1c,
S0,S0/run-020,completed,1.0,,,,9696,68.666648,fa6f4b413ab9b1f09e306de8c5b5a35c524587f82080d18eac441bedb831bc1c,
S3,S3/run-001,completed,0.0,,,,21086,148.218058,fa6f4b413ab9b1f09e306de8c5b5a35c524587f82080d18eac441bedb831bc1c,
S3,S3/run-002,completed,0.0,,,,16178,98.203761,fa6f4b413ab9b1f09e306de8c5b5a35c524587f82080d18eac441bedb831bc1c,
S3,S3/run-003,completed,0.0,,,,15584,164.960039,fa6f4b413ab9b1f09e306de8c5b5a35c524587f82080d18eac441bedb831bc1c,
S3,S3/run-004,completed,0.0,,,,18204,111.430858,fa6f4b413ab9b1f09e306de8c5b5a35c524587f82080d18eac441bedb831bc1c,
S3,S3/run-005,completed,0.0,,,,14038,141.339699,fa6f4b413ab9b1f09e306de8c5b5a35c524587f82080d18eac441bedb831bc1c,
S3,S3/run-006,completed,0.0,,,,12777,130.911233,fa6f4b413ab9b1f09e306de8c5b5a35c524587f82080d18eac441bedb831bc1c,
S3,S3/run-007,completed,0.0,,,,21836,121.235924,fa6f4b413ab9b1f09e306de8c5b5a35c524587f82080d18eac441bedb831bc1c,
S3,S3/run-008,completed,0.0,,,,16165,148.985975,fa6f4b413ab9b1f09e306de8c5b5a35c524587f82080d18eac441bedb831bc1c,
S3,S3/run-009,completed,0.0,,,,9603,178.35879,fa6f4b413ab9b1f09e306de8c5b5a35c524587f82080d18eac441bedb831bc1c,
S3,S3/run-010,completed,1.0,,,,21167,119.650281,fa6f4b413ab9b1f09e306de8c5b5a35c524587f82080d18eac441bedb831bc1c,
S3,S3/run-011,completed,0.0,,,,25862,142.911671,fa6f4b413ab9b1f09e306de8c5b5a35c524587f82080d18eac441bedb831bc1c,
S3,S3/run-012,completed,0.0,,,,24959,135.426176,fa6f4b413ab9b1f09e306de8c5b5a35c524587f82080d18eac441bedb831bc1c,
S3,S3/run-013,completed,0.0,,,,16367,152.47585,fa6f4b413ab9b1f09e306de8c5b5a35c524587f82080d18eac441bedb831bc1c,
S3,S3/run-014,completed,0.0,,,,18008,116.727266,fa6f4b413ab9b1f09e306de8c5b5a35c524587f82080d18eac441bedb831bc1c,
S3,S3/run-015,completed,0.0,,,,20542,111.549275,fa6f4b413ab9b1f09e306de8c5b5a35c524587f82080d18eac441bedb831bc1c,
S3,S3/run-016,completed,0.0,,,,17069,154.245905,fa6f4b413ab9b1f09e306de8c5b5a35c524587f82080d18eac441bedb831bc1c,
S3,S3/run-017,completed,0.0,,,,21576,118.541603,fa6f4b413ab9b1f09e306de8c5b5a35c524587f82080d18eac441bedb831bc1c,
S3,S3/run-018,completed,0.0,,,,25433,139.168927,fa6f4b413ab9b1f09e306de8c5b5a35c524587f82080d18eac441bedb831bc1c,
S3,S3/run-019,completed,0.0,,,,12674,131.379207,fa6f4b413ab9b1f09e306de8c5b5a35c524587f82080d18eac441bedb831bc1c,
S3,S3/run-020,completed,0.0,,,,18673,105.292681,fa6f4b413ab9b1f09e306de8c5b5a35c524587f82080d18eac441bedb831bc1c,
S4,S4/run-001,completed,0.0,,,,11452,52.621435,fa6f4b413ab9b1f09e306de8c5b5a35c524587f82080d18eac441bedb831bc1c,
S4,S4/run-002,completed,0.0,,,,14548,75.34634,fa6f4b413ab9b1f09e306de8c5b5a35c524587f82080d18eac441bedb831bc1c,
S4,S4/run-003,completed,0.0,,,,11788,55.444307,fa6f4b413ab9b1f09e306de8c5b5a35c524587f82080d18eac441bedb831bc1c,
S4,S4/run-004,completed,0.0,,,,14826,72.093645,fa6f4b413ab9b1f09e306de8c5b5a35c524587f82080d18eac441bedb831bc1c,
S4,S4/run-005,completed,0.0,,,,11979,57.955072,fa6f4b413ab9b1f09e306de8c5b5a35c524587f82080d18eac441bedb831bc1c,
S4,S4/run-006,completed,0.0,,,,20187,99.441324,fa6f4b413ab9b1f09e306de8c5b5a35c524587f82080d18eac441bedb831bc1c,
S4,S4/run-007,completed,0.0,,,,11000,50.472541,fa6f4b413ab9b1f09e306de8c5b5a35c524587f82080d18eac441bedb831bc1c,
S4,S4/run-008,completed,1.0,,,,13515,69.29623,fa6f4b413ab9b1f09e306de8c5b5a35c524587f82080d18eac441bedb831bc1c,
S4,S4/run-009,completed,0.0,,,,15861,80.182417,fa6f4b413ab9b1f09e306de8c5b5a35c524587f82080d18eac441bedb831bc1c,
S4,S4/run-010,completed,0.0,,,,11785,55.363332,fa6f4b413ab9b1f09e306de8c5b5a35c524587f82080d18eac441bedb831bc1c,
S4,S4/run-011,completed,0.0,,,,12290,58.723295,fa6f4b413ab9b1f09e306de8c5b5a35c524587f82080d18eac441bedb831bc1c,
S4,S4/run-012,completed,1.0,,,,14861,77.940913,fa6f4b413ab9b1f09e306de8c5b5a35c524587f82080d18eac441bedb831bc1c,
S4,S4/run-013,completed,1.0,,,,18187,96.694942,fa6f4b413ab9b1f09e306de8c5b5a35c524587f82080d18eac441bedb831bc1c,
S4,S4/run-014,completed,0.0,,,,8690,33.603039,fa6f4b413ab9b1f09e306de8c5b5a35c524587f82080d18eac441bedb831bc1c,
S4,S4/run-015,completed,0.0,,,,16727,97.287154,fa6f4b413ab9b1f09e306de8c5b5a35c524587f82080d18eac441bedb831bc1c,
S4,S4/run-016,completed,1.0,,,,13640,68.859882,fa6f4b413ab9b1f09e306de8c5b5a35c524587f82080d18eac441bedb831bc1c,
S4,S4/run-017,completed,0.0,,,,14469,69.744121,fa6f4b413ab9b1f09e306de8c5b5a35c524587f82080d18eac441bedb831bc1c,
S4,S4/run-018,completed,0.0,,,,15826,79.896363,fa6f4b413ab9b1f09e306de8c5b5a35c524587f82080d18eac441bedb831bc1c,
S4,S4/run-019,completed,0.0,,,,13546,67.083587,fa6f4b413ab9b1f09e306de8c5b5a35c524587f82080d18eac441bedb831bc1c,
S4,S4/run-020,completed,0.0,,,,20828,108.028029,fa6f4b413ab9b1f09e306de8c5b5a35c524587f82080d18eac441bedb831bc1c,
S5,S5/run-001,completed,1.0,1.0,0.5,0.0,16030,97.557179,fa6f4b413ab9b1f09e306de8c5b5a35c524587f82080d18eac441bedb831bc1c,
S5,S5/run-002,completed,1.0,1.0,0.5,0.0,11528,68.912335,fa6f4b413ab9b1f09e306de8c5b5a35c524587f82080d18eac441bedb831bc1c,
S5,S5/run-003,completed,1.0,1.0,0.5,0.0,10258,59.26572,fa6f4b413ab9b1f09e306de8c5b5a35c524587f82080d18eac441bedb831bc1c,
S5,S5/run-004,completed,1.0,1.0,0.5,0.0,14966,94.488005,fa6f4b413ab9b1f09e306de8c5b5a35c524587f82080d18eac441bedb831bc1c,
S5,S5/run-005,completed,1.0,1.0,0.5,0.0,18261,114.329756,fa6f4b413ab9b1f09e306de8c5b5a35c524587f82080d18eac441bedb831bc1c,
S5,S5/run-006,completed,1.0,1.0,0.5,0.0,15585,94.180846,fa6f4b413ab9b1f09e306de8c5b5a35c524587f82080d18eac441bedb831bc1c,
S5,S5/run-007,completed,1.0,1.0,0.5,0.0,17427,117.1824,fa6f4b413ab9b1f09e306de8c5b5a35c524587f82080d18eac441bedb831bc1c,
S5,S5/run-008,completed,1.0,1.0,0.5,0.0,15429,98.004258,fa6f4b413ab9b1f09e306de8c5b5a35c524587f82080d18eac441bedb831bc1c,
S5,S5/run-009,completed,1.0,1.0,0.5,0.0,12890,78.966219,fa6f4b413ab9b1f09e306de8c5b5a35c524587f82080d18eac441bedb831bc1c,
S5,S5/run-010,completed,1.0,1.0,0.5,0.0,22050,137.519648,fa6f4b413ab9b1f09e306de8c5b5a35c524587f82080d18eac441bedb831bc1c,
S5,S5/run-011,completed,1.0,1.0,0.5,0.0,19867,132.063536,fa6f4b413ab9b1f09e306de8c5b5a35c524587f82080d18eac441bedb831bc1c,
S5,S5/run-012,completed,1.0,1.0,0.5,0.0,17035,105.091631,fa6f4b413ab9b1f09e306de8c5b5a35c524587f82080d18eac441bedb831bc1c,
S5,S5/run-013,completed,1.0,1.0,0.5,0.0,11821,71.222261,fa6f4b413ab9b1f09e306de8c5b5a35c524587f82080d18eac441bedb831bc1c,
S5,S5/run-014,completed,1.0,1.0,0.5,0.0,16538,101.498904,fa6f4b413ab9b1f09e306de8c5b5a35c524587f82080d18eac441bedb831bc1c,
S5,S5/run-015,completed,1.0,1.0,0.5,0.0,12198,73.64197,fa6f4b413ab9b1f09e306de8c5b5a35c524587f82080d18eac441bedb831bc1c,
S5,S5/run-016,completed,1.0,1.0,0.5,0.0,14708,92.70746,fa6f4b413ab9b1f09e306de8c5b5a35c524587f82080d18eac441bedb831bc1c,
S5,S5/run-017,completed,1.0,1.0,0.5,0.0,20001,122.218779,fa6f4b413ab9b1f09e306de8c5b5a35c524587f82080d18eac441bedb831bc1c,
S5,S5/run-018,completed,1.0,1.0,0.5,0.0,11504,68.570564,fa6f4b413ab9b1f09e306de8c5b5a35c524587f82080d18eac441bedb831bc1c,
S5,S5/run-019,completed,1.0,1.0,0.5,0.0,14451,85.614409,fa6f4b413ab9b1f09e306de8c5b5a35c524587f82080d18eac441bedb831bc1c,
S5,S5/run-020,completed,1.0,1.0,0.5,0.0,12138,73.383628,fa6f4b413ab9b1f09e306de8c5b5a35c524587f82080d18eac441bedb831bc1c,
